<?xml version="1.0" encoding="UTF-8"?>
<!DOCTYPE hibernate-configuration PUBLIC "-//Hibernate/Hibernate Configuration DTD 3.0//EN" "http://hibernate.sourceforge.net/hibernate-configuration-3.0.dtd">
<hibernate-mapping>
    <class name="com.data.hibernate.Bids" table="bids">
        <id name="bid_id" type="int" column="bid_id" >
            <generator class="native"/>
        </id>
        
        <property name="bid_price" column="bid_price"/>
        <property name="p_id"  column="p_id" />
        <property name="u_id" column="u_id"/>
      
    </class>
</hibernate-mapping>