<?xml version="1.0" encoding="UTF-8"?>
<!DOCTYPE hibernate-configuration PUBLIC "-//Hibernate/Hibernate Configuration DTD 3.0//EN" "http://hibernate.sourceforge.net/hibernate-configuration-3.0.dtd">
<hibernate-mapping>
    <class name="com.data.hibernate.Items" table="items">
        <id name="p_id" type="int" column="p_id" >
            <generator class="native"/>
        </id>
        
        <property name="p_name" column="p_name"/>
        <property name="p_desc"  column="p_desc" />
        <property name="u_id" column="u_id"/>
      
    </class>
</hibernate-mapping>