<?xml version="1.0" encoding="UTF-8"?>

<!DOCTYPE hibernate-configuration PUBLIC "-//Hibernate/Hibernate Configuration DTD 3.0//EN" "http://hibernate.sourceforge.net/hibernate-configuration-3.0.dtd">
<hibernate-mapping>
    <class name="com.data.hibernate.Orders" table="orders">
        <id name="order_id" type="int" column="order_id" >
            <generator class="native"/>
        </id>
        
        <property name="order_price" column="order_price"/>
        <property name="p_id"  column="p_id" />
        <property name="u_id" column="u_id"/>
      
    </class>
</hibernate-mapping>